parent,child,weight
PlantBasedDiet,Fitness,0.01384083044982699
whole30,Fitness,0.04844290657439446
powerlifting,Fitness,0.1787773933102653
running,Fitness,0.20761245674740483
keto,Fitness,0.05767012687427912
bodybuilding,Fitness,0.1637831603229527
bodyweightfitness,Fitness,0.12918108419838523
naturalbodybuilding,Fitness,0.0657439446366782
crossfit,Fitness,0.10149942329873125
weightlifting,Fitness,0.03344867358708189
1200isplenty,bodybuilding,0.04091653027823241
bodyweightfitness,bodybuilding,0.12438625204582651
nutrition,bodybuilding,0.12111292962356793
naturalbodybuilding,bodybuilding,0.031096563011456628
Fitness,bodybuilding,0.6824877250409165
PlantBasedDiet,running,0.020168067226890758
whole30,running,0.07058823529411765
powerlifting,running,0.2605042016806723
keto,running,0.08403361344537816
bodyweightfitness,running,0.12436974789915967
naturalbodybuilding,running,0.0957983193277311
crossfit,running,0.11092436974789915
Fitness,running,0.23361344537815126
powerlifting,crossfit,0.32748538011695905
naturalbodybuilding,crossfit,0.1111111111111111
whole30,crossfit,0.22807017543859648
weightlifting,crossfit,0.3333333333333333
PlantBasedDiet,weightlifting,0.016483516483516484
whole30,weightlifting,0.057692307692307696
powerlifting,weightlifting,0.2129120879120879
running,weightlifting,0.24725274725274726
keto,weightlifting,0.06868131868131869
bodybuilding,weightlifting,0.09615384615384616
bodyweightfitness,weightlifting,0.10164835164835165
naturalbodybuilding,weightlifting,0.0782967032967033
crossfit,weightlifting,0.12087912087912088
whole30,naturalbodybuilding,0.0982367758186398
powerlifting,naturalbodybuilding,0.14105793450881612
bodybuilding,naturalbodybuilding,0.35516372795969775
crossfit,naturalbodybuilding,0.055415617128463476
Fitness,naturalbodybuilding,0.3501259445843829
whole30,powerlifting,0.35555555555555557
weightlifting,powerlifting,0.6444444444444445
bodyweightfitness,jumprope,1.0
PlantBasedDiet,bodyweightfitness,0.0213903743315508
whole30,bodyweightfitness,0.07308377896613191
powerlifting,bodyweightfitness,0.1746880570409982
bodybuilding,bodyweightfitness,0.12477718360071301
1200isplenty,bodyweightfitness,0.044563279857397504
nutrition,bodyweightfitness,0.1319073083778966
naturalbodybuilding,bodyweightfitness,0.10338680926916222
crossfit,bodyweightfitness,0.0784313725490196
Fitness,bodyweightfitness,0.24777183600713013
running,nutrition,0.46332046332046334
Fitness,nutrition,0.5366795366795367
PlantBasedDiet,keto,0.020942408376963352
whole30,keto,0.07155322862129145
powerlifting,keto,0.2198952879581152
bodybuilding,keto,0.12216404886561955
1200isplenty,keto,0.04363001745200698
bodyweightfitness,keto,0.13089005235602094
intermittentfasting,keto,0.08027923211169284
nutrition,keto,0.12914485165794065
naturalbodybuilding,keto,0.06631762652705062
crossfit,keto,0.11518324607329843
nutrition,vegan,0.3894736842105263
PlantBasedDiet,vegan,0.6105263157894737
lowcarb,Paleo,1.0
whole30,PlantBasedDiet,0.14035087719298245
powerlifting,PlantBasedDiet,0.29473684210526313
vegan,PlantBasedDiet,0.34385964912280703
naturalbodybuilding,PlantBasedDiet,0.06666666666666667
crossfit,PlantBasedDiet,0.1543859649122807
Paleo,lowcarb,0.09836065573770492
keto,lowcarb,0.8032786885245902
whole30,lowcarb,0.09836065573770492
Paleo,whole30,1.0
nutrition,1200isplenty,1.0
nutrition,MealPrepSunday,1.0
