,parent,child,weight
0,PlantBasedDiet,Fitness,0.0138408304498269
1,1200isplenty,bodyweightfitness,0.0445632798573975
2,whole30,PlantBasedDiet,0.1403508771929824
3,Fitness,bodyweightfitness,0.2477718360071301
4,bodybuilding,keto,0.1221640488656195
5,naturalbodybuilding,bodyweightfitness,0.1033868092691622
6,whole30,crossfit,0.2280701754385964
7,powerlifting,Fitness,0.1787773933102653
8,1200isplenty,bodybuilding,0.0409165302782324
9,naturalbodybuilding,keto,0.0663176265270506
10,bodyweightfitness,weightlifting,0.1016483516483516
11,naturalbodybuilding,Fitness,0.0657439446366782
12,nutrition,keto,0.1291448516579406
13,whole30,keto,0.0715532286212914
14,nutrition,MealPrepSunday,1.0
15,powerlifting,weightlifting,0.2129120879120879
16,Paleo,whole30,1.0
17,crossfit,running,0.1109243697478991
18,bodybuilding,weightlifting,0.0961538461538461
19,powerlifting,PlantBasedDiet,0.2947368421052631
20,crossfit,PlantBasedDiet,0.1543859649122807
21,naturalbodybuilding,crossfit,0.1111111111111111
22,Fitness,bodybuilding,0.6824877250409165
23,keto,lowcarb,0.8032786885245902
24,PlantBasedDiet,running,0.0201680672268907
25,powerlifting,running,0.2605042016806723
26,weightlifting,crossfit,0.3333333333333333
27,Paleo,lowcarb,0.0983606557377049
28,crossfit,naturalbodybuilding,0.0554156171284634
29,running,weightlifting,0.2472527472527472
30,powerlifting,naturalbodybuilding,0.1410579345088161
31,bodybuilding,naturalbodybuilding,0.3551637279596977
32,PlantBasedDiet,weightlifting,0.0164835164835164
33,naturalbodybuilding,bodybuilding,0.0310965630114566
34,keto,weightlifting,0.0686813186813186
35,powerlifting,crossfit,0.327485380116959
36,running,nutrition,0.4633204633204633
37,crossfit,keto,0.1151832460732984
38,lowcarb,Paleo,1.0
39,bodyweightfitness,bodybuilding,0.1243862520458265
40,whole30,weightlifting,0.0576923076923076
41,crossfit,bodyweightfitness,0.0784313725490196
42,keto,running,0.0840336134453781
43,nutrition,bodyweightfitness,0.1319073083778966
44,nutrition,1200isplenty,1.0
45,PlantBasedDiet,vegan,0.6105263157894737
46,bodyweightfitness,keto,0.1308900523560209
47,whole30,bodyweightfitness,0.0730837789661319
48,whole30,Fitness,0.0484429065743944
49,bodyweightfitness,Fitness,0.1291810841983852
50,naturalbodybuilding,weightlifting,0.0782967032967033
51,vegan,PlantBasedDiet,0.343859649122807
52,Fitness,running,0.2336134453781512
53,powerlifting,bodyweightfitness,0.1746880570409982
54,Fitness,naturalbodybuilding,0.3501259445843829
55,naturalbodybuilding,running,0.0957983193277311
56,Fitness,nutrition,0.5366795366795367
57,keto,Fitness,0.0576701268742791
58,whole30,running,0.0705882352941176
59,whole30,lowcarb,0.0983606557377049
60,1200isplenty,keto,0.0436300174520069
61,weightlifting,powerlifting,0.6444444444444445
62,PlantBasedDiet,keto,0.0209424083769633
63,crossfit,weightlifting,0.1208791208791208
64,nutrition,vegan,0.3894736842105263
65,bodyweightfitness,jumprope,1.0
66,weightlifting,Fitness,0.0334486735870818
67,nutrition,bodybuilding,0.1211129296235679
68,whole30,powerlifting,0.3555555555555555
69,crossfit,Fitness,0.1014994232987312
70,whole30,naturalbodybuilding,0.0982367758186398
71,bodybuilding,bodyweightfitness,0.124777183600713
72,powerlifting,keto,0.2198952879581152
73,intermittentfasting,keto,0.0802792321116928
74,naturalbodybuilding,PlantBasedDiet,0.0666666666666666
75,PlantBasedDiet,bodyweightfitness,0.0213903743315508
76,running,Fitness,0.2076124567474048
77,bodyweightfitness,running,0.1243697478991596
78,bodybuilding,Fitness,0.1637831603229527
